name,source,servings,ingredients_resolved,coverage_pct,listed_kcal,computed_kcal_per_serving,kcal_diff_pct,listed_P,computed_P,p_diff_pct,listed_C,computed_C,c_diff_pct,listed_F,computed_F,f_diff_pct,status,worst_variance,unresolved
Moong Dal Cheela,indian-meals.ts,3,9/9,100%,280.0,264.8,-5.4,18.0,16.7,-7.4,32.0,45.9,43.4,8.0,2.6,-68.0,VARIANCE,68.0,
Masala Omelette with Multigrain Toast,indian-meals.ts,1,11/11,100%,380.0,489.3,28.8,24.0,29.7,23.5,30.0,41.2,37.2,18.0,23.3,29.7,VARIANCE,37.2,
Besan Chilla with Mint Chutney,indian-meals.ts,2,12/13,92%,300.0,238.6,-20.5,16.0,11.9,-25.6,28.0,35.3,26.2,14.0,5.8,-58.3,VARIANCE,58.3,Ajwain (carom seeds) (no USDA mapping)
Poha with Peanuts,indian-meals.ts,2,13/14,93%,360.0,520.4,44.6,16.0,15.4,-4.0,48.0,72.4,50.9,12.0,20.9,73.8,VARIANCE,73.8,Curry leaves (8.0 leaves → can't convert to grams)
Dalia Khichdi,indian-meals.ts,1,9/9,100%,310.0,511.7,65.0,14.0,22.6,61.2,50.0,96.5,93.0,6.0,6.8,12.6,VARIANCE,93.0,
Paneer Bhurji with Roti,indian-meals.ts,2,12/12,100%,420.0,403.7,-3.9,24.0,19.9,-17.0,38.0,32.0,-15.8,18.0,22.9,27.0,VARIANCE,27.0,
Idli Sambar,indian-meals.ts,1,11/13,85%,290.0,1688.9,482.4,10.0,62.8,528.1,52.0,265.8,411.2,4.0,42.0,950.2,VARIANCE,950.2,Drumstick (cut into pieces) (no USDA mapping); Curry leaves (8.0 leaves → can't convert to grams)
Ragi Dosa with Coconut Chutney,indian-meals.ts,1,12/13,92%,320.0,838.9,162.2,16.0,22.6,41.6,42.0,116.7,177.8,10.0,31.8,218.3,VARIANCE,218.3,Curry leaves (6.0 leaves → can't convert to grams)
Upma with Vegetables,indian-meals.ts,1,13/16,81%,340.0,816.4,140.1,14.0,26.8,91.3,44.0,147.5,235.1,12.0,12.8,6.4,VARIANCE,235.1,Curry leaves (8.0 leaves → can't convert to grams); Cashews (5.0 pieces → can't convert to grams); Roasted cashews (10.0 pieces → can't convert to grams)
Pesarattu,indian-meals.ts,3,8/9,89%,260.0,298.0,14.6,16.0,17.1,6.8,34.0,53.3,56.9,6.0,2.6,-57.0,VARIANCE,57.0,Ginger (1.0 inch piece → can't convert to grams)
Dal Tadka + Brown Rice + Cucumber Raita,indian-meals.ts,1,13/14,93%,480.0,688.9,43.5,20.0,27.1,35.3,68.0,122.1,79.5,12.0,10.9,-9.6,VARIANCE,79.5,Cucumber (grated) (0.5 medium → can't convert to grams)
Rajma Chawal,indian-meals.ts,1,13/13,100%,460.0,769.5,67.3,18.0,27.4,52.0,72.0,140.4,95.0,10.0,12.3,23.5,VARIANCE,95.0,
Chole + Multigrain Roti,indian-meals.ts,2,13/14,93%,440.0,364.7,-17.1,18.0,14.6,-18.6,60.0,56.5,-5.8,14.0,10.6,-24.2,VARIANCE,24.2,Tea bag (for dark color) (1.0 bag → can't convert to grams)
Chicken Curry + Brown Rice,indian-meals.ts,1,14/14,100%,520.0,1034.0,98.8,38.0,93.2,145.3,52.0,111.5,114.5,16.0,23.2,44.8,VARIANCE,145.3,
Fish Curry + Steamed Rice,indian-meals.ts,1,12/13,92%,450.0,790.5,75.7,32.0,57.1,78.4,50.0,98.2,96.4,12.0,18.1,50.7,VARIANCE,96.4,Curry leaves (10.0 leaves → can't convert to grams)
Palak Paneer + Roti,indian-meals.ts,2,11/12,92%,440.0,432.7,-1.6,24.0,20.8,-13.4,38.0,33.1,-13.0,20.0,25.5,27.4,VARIANCE,27.4,Cream (optional) (no USDA mapping)
Mixed Sabzi + Dal + Roti,indian-meals.ts,2,13/13,100%,420.0,413.0,-1.7,16.0,19.4,21.2,60.0,66.0,9.9,12.0,9.0,-24.8,VARIANCE,24.8,
Egg Curry + Jeera Rice,indian-meals.ts,1,14/14,100%,480.0,776.4,61.8,22.0,30.9,40.4,54.0,101.7,88.3,18.0,27.3,51.7,VARIANCE,88.3,
Grilled Tandoori Chicken + Salad,indian-meals.ts,2,11/13,85%,350.0,297.4,-15.0,42.0,42.0,-0.0,10.0,15.0,49.7,14.0,7.7,-45.1,VARIANCE,49.7,Tandoori masala (no USDA mapping); Cucumber (sliced) (1.0 medium → can't convert to grams)
Dal Palak + Multigrain Roti,indian-meals.ts,1,11/12,92%,380.0,425.3,11.9,20.0,13.7,-31.6,52.0,58.4,12.4,10.0,16.7,66.7,VARIANCE,66.7,Masoor dal (red lentils) (no USDA mapping)
Paneer Tikka + Green Salad,indian-meals.ts,1,9/13,69%,360.0,853.2,137.0,26.0,47.3,82.0,14.0,57.4,310.1,22.0,53.0,140.8,LOW_COVERAGE,310.1,Bell pepper (cubed) (1.0 medium → can't convert to grams); Tandoori masala (no USDA mapping); Lettuce leaves (4.0 leaves → can't convert to grams)
Moong Dal Khichdi + Papad,indian-meals.ts,1,10/11,91%,340.0,576.9,69.7,14.0,19.3,38.0,54.0,111.9,107.2,8.0,6.4,-19.4,VARIANCE,107.2,Papad (no USDA mapping)
Chicken Tikka + Raita,indian-meals.ts,2,11/12,92%,340.0,300.5,-11.6,40.0,43.9,9.8,8.0,10.4,30.5,16.0,8.4,-47.4,VARIANCE,47.4,Tikka masala (no USDA mapping)
Baingan Bharta + Roti,indian-meals.ts,2,15/16,94%,460.0,407.5,-11.4,24.0,19.3,-19.7,46.0,34.4,-25.1,20.0,22.5,12.4,VARIANCE,25.1,Green peas (no USDA mapping)
Roasted Makhana,indian-meals.ts,1,5/5,100%,120.0,148.8,24.0,4.0,2.9,-26.9,18.0,23.1,28.2,4.0,5.0,25.1,VARIANCE,28.2,
Sprouts Chaat,indian-meals.ts,1,8/9,89%,180.0,290.7,61.5,12.0,17.6,46.3,28.0,56.2,100.6,2.0,1.3,-32.9,VARIANCE,100.6,Cucumber (finely chopped) (0.5 medium → can't convert to grams)
Masala Chaas,indian-meals.ts,2,7/8,88%,75.0,60.4,-19.5,6.0,5.1,-14.8,8.0,6.9,-14.0,2.0,1.5,-24.6,VARIANCE,24.6,Fresh mint leaves (6.0 leaves → can't convert to grams)
Roasted Chana,indian-meals.ts,2,5/5,100%,160.0,135.2,-15.5,10.0,7.3,-26.7,24.0,22.7,-5.4,3.0,2.1,-28.7,VARIANCE,28.7,
Fruit Chaat with Chaat Masala,indian-meals.ts,2,8/10,80%,170.0,162.5,-4.4,4.0,4.4,8.8,32.0,35.5,11.1,3.0,2.0,-34.1,VARIANCE,34.1,Pomegranate seeds (no USDA mapping); Guava (diced) (no USDA mapping)
Paneer Tikka Bites,indian-meals.ts,2,7/8,88%,220.0,256.1,16.4,16.0,14.6,-8.6,6.0,6.3,4.5,16.0,19.9,24.1,VARIANCE,24.1,Tikka masala (no USDA mapping)
Dhokla,indian-meals.ts,3,10/11,91%,180.0,154.8,-14.0,8.0,8.0,0.5,28.0,21.4,-23.4,4.0,4.1,1.7,VARIANCE,23.4,Eno / baking soda (no USDA mapping)
Thepla with Yogurt,indian-meals.ts,2,9/9,100%,320.0,274.1,-14.3,12.0,12.0,-0.3,42.0,48.5,15.6,12.0,5.2,-56.5,VARIANCE,56.5,
Misal Pav,indian-meals.ts,1,7/10,70%,380.0,270.6,-28.8,16.0,8.4,-47.5,52.0,44.9,-13.6,11.0,7.4,-33.0,LOW_COVERAGE,47.5,Sprouted moth beans (no USDA mapping); Misal masala (no USDA mapping); Farsan/sev (no USDA mapping)
Gujarati Dal + Rice + Sabzi,indian-meals.ts,1,11/12,92%,420.0,566.1,34.8,16.0,15.8,-1.0,65.0,107.3,65.0,10.0,8.5,-14.5,VARIANCE,65.0,Seasonal vegetables (no USDA mapping)
Goan Fish Curry + Rice,indian-meals.ts,1,11/12,92%,450.0,745.5,65.7,32.0,57.1,78.4,40.0,98.2,145.5,18.0,13.1,-27.3,VARIANCE,145.5,Kokum (no USDA mapping)
Pav Bhaji,indian-meals.ts,1,7/10,70%,420.0,608.5,44.9,12.0,17.5,46.1,58.0,124.2,114.2,17.0,7.3,-57.3,LOW_COVERAGE,114.2,Peas (no USDA mapping); Capsicum (1.0 small → can't convert to grams); Pav bhaji masala (no USDA mapping)
Undhiyu (Gujarati Mixed Veg),indian-meals.ts,1,9/12,75%,310.0,349.6,12.8,10.0,6.7,-32.6,45.0,72.7,61.5,10.0,5.7,-42.6,LOW_COVERAGE,61.5,Surti papdi (flat beans) (no USDA mapping); Small brinjal (4.0 pieces → can't convert to grams); Purple yam (no USDA mapping)
Kolhapuri Chicken,indian-meals.ts,2,8/9,89%,380.0,406.0,6.9,35.0,34.5,-1.4,15.0,17.8,19.0,22.0,21.7,-1.4,VARIANCE,19.0,Kolhapuri masala (no USDA mapping)
Khandvi,indian-meals.ts,3,10/10,100%,150.0,151.6,1.1,7.0,6.5,-6.7,18.0,14.1,-21.8,5.0,7.9,57.8,VARIANCE,57.8,
Baked Vada Pav Bites,indian-meals.ts,2,8/9,89%,200.0,191.1,-4.5,5.0,4.1,-18.3,32.0,38.9,21.5,6.0,2.7,-54.4,VARIANCE,54.4,Mini pav/slider buns (no USDA mapping)
Luchi with Cholar Dal,indian-meals.ts,1,10/12,83%,340.0,267.2,-21.4,14.0,7.9,-43.6,55.0,28.1,-48.8,9.0,14.7,63.0,VARIANCE,63.0,Maida (refined flour) (no USDA mapping); Raisins (no USDA mapping)
Pitha (Rice Flour Pancakes),indian-meals.ts,2,6/6,100%,250.0,491.2,96.5,4.0,7.6,89.9,48.0,98.9,106.1,5.0,6.9,38.8,VARIANCE,106.1,
Aloo Posto (Potatoes in Poppy Seed Paste),indian-meals.ts,2,6/8,75%,330.0,247.8,-24.9,14.0,7.9,-43.4,38.0,36.6,-3.7,15.0,8.4,-44.1,LOW_COVERAGE,44.1,Poppy seeds (khus khus) (no USDA mapping); Nigella seeds (kalonji) (no USDA mapping)
Machher Jhol (Bengali Fish Curry) + Rice,indian-meals.ts,1,11/12,92%,430.0,766.9,78.3,30.0,55.1,83.6,42.0,114.1,171.8,16.0,9.1,-43.2,VARIANCE,171.8,Nigella seeds (no USDA mapping)
Dal Pakhala (Fermented Rice with Lentils),indian-meals.ts,1,8/9,89%,350.0,916.1,161.7,12.0,26.4,119.6,60.0,189.8,216.4,6.0,4.5,-24.7,VARIANCE,216.4,Cucumber (diced) (0.25 piece → can't convert to grams)
"Assamese Thali (Dal, Xaak, Rice, Fish)",indian-meals.ts,1,9/11,82%,480.0,523.5,9.1,28.0,30.3,8.2,55.0,82.5,49.9,16.0,7.5,-53.2,VARIANCE,53.2,Masoor dal (no USDA mapping); Leafy greens (xaak) (no USDA mapping)
Shorshe Ilish (Hilsa in Mustard Sauce),indian-meals.ts,2,6/7,86%,320.0,273.9,-14.4,28.0,26.1,-6.8,12.0,0.4,-96.4,16.0,17.5,9.5,VARIANCE,96.4,Poppy seeds (no USDA mapping)
Aloo Dum (Bengali Style Spiced Baby Potatoes),indian-meals.ts,4,12/12,100%,300.0,432.7,44.2,6.0,9.3,55.0,48.0,97.4,102.9,10.0,1.8,-82.1,VARIANCE,102.9,
Jhalmuri (Spiced Puffed Rice),indian-meals.ts,4,9/10,90%,120.0,82.7,-31.1,3.0,2.3,-21.7,22.0,11.6,-47.2,3.0,3.3,10.1,VARIANCE,47.2,Chat masala (no USDA mapping)
Sandesh (Bengali Cottage Cheese Sweet),indian-meals.ts,4,3/5,60%,130.0,206.6,58.9,8.0,11.0,37.3,16.0,11.2,-30.3,4.0,13.7,242.0,LOW_COVERAGE,242.0,Saffron strands (no USDA mapping); Pistachios (chopped) (no USDA mapping)
Scrambled Eggs & Toast,meals.ts,1,5/5,100%,420.0,478.4,13.9,25.0,26.5,6.2,35.0,24.8,-29.2,20.0,30.0,50.1,VARIANCE,50.1,
Greek Yogurt Parfait,meals.ts,1,3/4,75%,350.0,291.0,-16.9,25.0,22.8,-8.9,40.0,21.9,-45.1,10.0,12.5,25.4,LOW_COVERAGE,45.1,Granola (no USDA mapping)
Oatmeal with Banana & Peanut Butter,meals.ts,1,5/5,100%,450.0,370.1,-17.8,15.0,8.3,-44.8,60.0,53.8,-10.4,16.0,15.3,-4.3,VARIANCE,44.8,
Protein Smoothie,meals.ts,1,2/5,40%,300.0,253.9,-15.4,30.0,9.1,-69.6,30.0,38.6,28.7,5.0,8.4,68.1,LOW_COVERAGE,69.6,Plant protein powder (no USDA mapping); Spinach (1.0 handful → can't convert to grams); Ice cubes (no USDA mapping)
Avocado Toast with Eggs,meals.ts,1,6/6,100%,480.0,545.4,13.6,22.0,20.7,-5.9,35.0,41.8,19.3,28.0,34.5,23.3,VARIANCE,23.3,
Bacon & Egg Wrap,meals.ts,1,2/5,40%,500.0,304.0,-39.2,30.0,16.6,-44.6,30.0,25.6,-14.7,28.0,14.3,-48.8,LOW_COVERAGE,48.8,Bacon (2.0 strips → can't convert to grams); Cheddar cheese (0.25 cup shredded → can't convert to grams); Cooking spray (no USDA mapping)
Keto Egg Cups,meals.ts,1,1/5,20%,350.0,465.0,32.9,28.0,37.8,35.0,4.0,3.3,-17.5,25.0,31.8,27.2,LOW_COVERAGE,35.0,Diced ham (no USDA mapping); Spinach (1.0 cup chopped → can't convert to grams); Shredded cheese (no USDA mapping)
Tofu Scramble,meals.ts,1,2/7,29%,320.0,132.6,-58.6,22.0,0.0,-100.0,15.0,0.0,-100.0,18.0,15.0,-16.7,LOW_COVERAGE,100.0,Firm tofu (0.5 block → can't convert to grams); Onion (0.25 diced → can't convert to grams); Bell pepper (0.5 diced → can't convert to grams)
Smoked Salmon Bagel,meals.ts,1,1/6,17%,400.0,117.9,-70.5,25.0,12.5,-49.9,30.0,0.0,-100.0,18.0,7.0,-60.9,LOW_COVERAGE,100.0,Bagel (no USDA mapping); Cream cheese (no USDA mapping); Capers (no USDA mapping)
Overnight Oats,meals.ts,1,4/5,80%,400.0,350.5,-12.4,15.0,13.3,-11.5,55.0,51.4,-6.6,14.0,11.4,-18.4,VARIANCE,18.4,Mixed nuts (no USDA mapping)
Cottage Cheese Bowl,meals.ts,1,3/3,100%,280.0,312.8,11.7,28.0,27.0,-3.5,25.0,28.8,15.4,6.0,10.6,76.0,VARIANCE,76.0,
Banana Pancakes,meals.ts,1,2/4,50%,350.0,260.0,-25.7,15.0,13.9,-7.3,45.0,28.0,-37.8,12.0,11.0,-8.7,LOW_COVERAGE,37.8,Maple syrup (no USDA mapping); Cooking spray (no USDA mapping)
Grilled Chicken & Rice,meals.ts,1,4/6,67%,504.0,498.6,-1.1,40.0,59.6,49.0,50.0,16.7,-66.7,16.0,22.1,38.1,LOW_COVERAGE,66.7,White rice (1.0 cup cooked → can't convert to grams); Salt and pepper (1.0 pinch each → can't convert to grams)
Turkey Sandwich,meals.ts,1,3/5,60%,420.0,335.7,-20.1,30.0,43.7,45.8,40.0,32.7,-18.2,14.0,3.6,-74.4,LOW_COVERAGE,74.4,Lettuce (2.0 leaves → can't convert to grams); Mustard (no USDA mapping)
Tuna Salad Bowl,meals.ts,1,2/6,33%,380.0,30.5,-92.0,35.0,2.8,-92.1,15.0,1.5,-89.7,18.0,1.5,-91.6,LOW_COVERAGE,92.1,Canned tuna (1.0 can (5oz) → can't convert to grams); Celery (no USDA mapping); Mixed greens (no USDA mapping)
Chicken Caesar Wrap,meals.ts,1,1/5,20%,520.0,149.0,-71.4,35.0,4.0,-88.5,38.0,24.5,-35.5,22.0,3.7,-83.1,LOW_COVERAGE,88.5,Grilled chicken breast (4.0 oz sliced → can't convert to grams); Romaine lettuce (2.0 cups chopped → can't convert to grams); Parmesan cheese (no USDA mapping)
Beef Stir Fry,meals.ts,1,3/6,50%,550.0,123.0,-77.6,35.0,3.4,-90.4,55.0,15.8,-71.4,18.0,5.5,-69.7,LOW_COVERAGE,90.4,Beef sirloin (5.0 oz sliced thin → can't convert to grams); White rice (1.0 cup cooked → can't convert to grams); Garlic (2.0 cloves minced → can't convert to grams)
Lentil Soup & Bread,meals.ts,1,3/7,43%,400.0,207.1,-48.2,22.0,2.5,-88.5,55.0,13.7,-75.1,8.0,15.9,99.0,LOW_COVERAGE,99.0,Green or brown lentils (1.0 cup dry → can't convert to grams); Onion (1.0 small diced → can't convert to grams); Carrot (1.0 diced → can't convert to grams)
Salmon Poke Bowl,meals.ts,1,2/6,33%,520.0,28.7,-94.5,32.0,0.9,-97.2,50.0,1.2,-97.7,20.0,2.5,-87.6,LOW_COVERAGE,97.7,Sushi-grade salmon (5.0 oz cubed → can't convert to grams); Sushi rice (1.0 cup cooked → can't convert to grams); Avocado (0.5 sliced → can't convert to grams)
Black Bean Burrito Bowl,meals.ts,1,0/6,0%,550.0,0.0,-100.0,20.0,0.0,-100.0,70.0,0.0,-100.0,18.0,0.0,-100.0,LOW_COVERAGE,100.0,Black beans (0.5 can drained → can't convert to grams); White rice (1.0 cup cooked → can't convert to grams); Corn (no USDA mapping)
Grilled Chicken Salad,meals.ts,1,2/6,33%,400.0,135.8,-66.1,35.0,0.0,-100.0,15.0,0.0,-100.0,22.0,15.0,-31.8,LOW_COVERAGE,100.0,Chicken breast (4.0 oz grilled → can't convert to grams); Mixed greens (no USDA mapping); Cherry tomatoes (0.5 cup halved → can't convert to grams)
Veggie Stir Fry with Tofu,meals.ts,1,2/7,29%,480.0,132.6,-72.4,22.0,0.0,-100.0,55.0,0.0,-100.0,16.0,15.0,-6.2,LOW_COVERAGE,100.0,Firm tofu (0.5 block cubed → can't convert to grams); Broccoli (1.0 cup florets → can't convert to grams); Bell pepper (1.0 sliced → can't convert to grams)
Shrimp Tacos,meals.ts,1,2/6,33%,450.0,491.1,9.1,30.0,12.1,-59.8,40.0,73.5,83.8,18.0,16.2,-10.2,LOW_COVERAGE,83.8,Shrimp (6.0 oz peeled → can't convert to grams); Cabbage (1.0 cup shredded → can't convert to grams); Lime (1.0 whole → can't convert to grams)
Mediterranean Plate,meals.ts,1,0/5,0%,520.0,0.0,-100.0,18.0,0.0,-100.0,55.0,0.0,-100.0,24.0,0.0,-100.0,LOW_COVERAGE,100.0,Hummus (no USDA mapping); Falafel (frozen or premade) (no USDA mapping); Tabbouleh (no USDA mapping)
Chicken Quesadilla,meals.ts,1,2/5,40%,500.0,336.1,-32.8,32.0,39.2,22.4,35.0,24.5,-30.0,24.0,7.8,-67.5,LOW_COVERAGE,67.5,Shredded cheese (no USDA mapping); Salsa (no USDA mapping); Cooking spray (no USDA mapping)
Keto Burger Bowl,meals.ts,1,2/6,33%,480.0,398.7,-16.9,35.0,39.1,11.6,8.0,9.6,19.9,34.0,21.8,-36.0,LOW_COVERAGE,36.0,Romaine lettuce (2.0 cups chopped → can't convert to grams); Cheddar cheese (1.0 slice → can't convert to grams); Dill pickles (3.0 slices → can't convert to grams)
Baked Salmon with Sweet Potato,meals.ts,1,3/6,50%,546.0,636.9,16.7,38.0,40.9,7.6,40.0,34.8,-13.1,26.0,36.3,39.5,LOW_COVERAGE,39.5,Green beans (no USDA mapping); Lemon (0.5 sliced → can't convert to grams); Salt and pepper (1.0 pinch each → can't convert to grams)
Chicken Breast with Quinoa,meals.ts,1,2/6,33%,519.0,413.3,-20.4,42.0,52.7,25.6,45.0,0.0,-100.0,19.0,21.1,11.2,LOW_COVERAGE,100.0,Quinoa (0.5 cup dry → can't convert to grams); Zucchini (no USDA mapping); Bell pepper (1.0 diced → can't convert to grams)
Pasta with Meat Sauce,meals.ts,1,3/6,50%,604.0,343.9,-43.1,32.0,30.3,-5.3,65.0,3.5,-94.6,24.0,22.2,-7.5,LOW_COVERAGE,94.6,Whole wheat pasta (2.0 oz dry → can't convert to grams); Garlic (2.0 cloves minced → can't convert to grams); Parmesan cheese (no USDA mapping)
Steak with Roasted Vegetables,meals.ts,1,2/6,33%,581.0,557.9,-4.0,45.0,44.2,-1.7,35.0,0.0,-100.0,29.0,40.5,39.7,LOW_COVERAGE,100.0,Baby potatoes (1.0 cup halved → can't convert to grams); Carrots (2.0 medium chopped → can't convert to grams); Asparagus (no USDA mapping)
Vegetable Curry with Rice,meals.ts,1,2/6,33%,500.0,132.6,-73.5,14.0,0.0,-100.0,65.0,0.0,-100.0,20.0,15.0,-25.0,LOW_COVERAGE,100.0,Mixed vegetables (2.0 cups chopped → can't convert to grams); Coconut milk (1.0 can (14oz) → can't convert to grams); Basmati rice (1.0 cup cooked → can't convert to grams)
Grilled Fish Tacos,meals.ts,1,2/6,33%,480.0,625.5,30.3,32.0,49.5,54.6,40.0,73.5,83.8,20.0,13.7,-31.4,LOW_COVERAGE,83.8,Avocado (0.5 mashed → can't convert to grams); Cabbage (1.0 cup shredded → can't convert to grams); Lime (1.0 whole → can't convert to grams)
Chicken Thigh with Mashed Potatoes,meals.ts,1,2/6,33%,580.0,252.3,-56.5,35.0,2.2,-93.7,45.0,3.0,-93.4,28.0,26.3,-5.9,LOW_COVERAGE,93.7,Chicken thighs (2.0 bone-in → can't convert to grams); Potatoes (2.0 medium peeled → can't convert to grams); Frozen peas (no USDA mapping)
Tofu Pad Thai,meals.ts,1,4/7,57%,500.0,652.6,30.5,20.0,15.1,-24.4,60.0,109.9,83.2,18.0,16.2,-10.0,LOW_COVERAGE,83.2,Firm tofu (0.5 block cubed → can't convert to grams); Peanuts (2.0 tbsp crushed → can't convert to grams); Lime (0.5 wedge → can't convert to grams)
Stuffed Bell Peppers,meals.ts,1,3/6,50%,450.0,498.8,10.8,30.0,41.0,36.6,40.0,75.8,89.4,16.0,1.9,-88.3,LOW_COVERAGE,89.4,Bell peppers (2.0 large → can't convert to grams); Shredded cheese (no USDA mapping); Salt and pepper (1.0 pinch each → can't convert to grams)
Pesto Pasta with Chicken,meals.ts,1,0/5,0%,580.0,0.0,-100.0,35.0,0.0,-100.0,55.0,0.0,-100.0,24.0,0.0,-100.0,LOW_COVERAGE,100.0,Penne pasta (2.0 oz dry → can't convert to grams); Chicken breast (4.0 oz grilled → can't convert to grams); Basil pesto (no USDA mapping)
Bean & Cheese Enchiladas,meals.ts,1,2/6,33%,520.0,595.8,14.6,22.0,16.1,-26.9,55.0,98.0,78.2,22.0,14.9,-32.3,LOW_COVERAGE,78.2,Black beans (0.5 can drained → can't convert to grams); Shredded cheese (no USDA mapping); Sour cream (no USDA mapping)
Keto Chicken Alfredo,meals.ts,1,2/6,33%,480.0,388.2,-19.1,38.0,52.9,39.1,10.0,0.0,-99.8,32.0,18.3,-42.8,LOW_COVERAGE,99.8,Zucchini (no USDA mapping); Heavy cream (no USDA mapping); Parmesan cheese (no USDA mapping)
Shrimp & Grits,meals.ts,1,2/6,33%,520.0,252.3,-51.5,30.0,2.2,-92.6,45.0,3.0,-93.4,22.0,26.3,19.7,LOW_COVERAGE,93.4,Shrimp (6.0 oz peeled → can't convert to grams); Stone-ground grits (no USDA mapping); Garlic (2.0 cloves minced → can't convert to grams)
Chickpea & Spinach Stew,meals.ts,1,4/7,57%,420.0,220.9,-47.4,18.0,4.3,-76.3,55.0,15.9,-71.1,12.0,16.2,34.7,LOW_COVERAGE,76.3,Chickpeas (1.0 can drained → can't convert to grams); Diced tomatoes (1.0 can (14oz) → can't convert to grams); Onion (1.0 small diced → can't convert to grams)
Protein Bar,meals.ts,1,0/1,0%,250.0,0.0,-100.0,20.0,0.0,-100.0,25.0,0.0,-100.0,8.0,0.0,-100.0,LOW_COVERAGE,100.0,Protein bar (no USDA mapping)
Apple & Peanut Butter,meals.ts,1,2/2,100%,280.0,309.7,10.6,8.0,0.8,-89.8,30.0,25.1,-16.2,16.0,24.7,54.3,VARIANCE,89.8,
Greek Yogurt & Honey,meals.ts,1,2/2,100%,180.0,252.8,40.5,18.0,22.1,22.6,20.0,12.9,-35.3,3.0,12.2,308.3,VARIANCE,308.3,
Trail Mix,meals.ts,1,2/3,67%,300.0,103.5,-65.5,10.0,3.4,-65.8,25.0,6.8,-73.0,20.0,7.8,-60.8,LOW_COVERAGE,73.0,Mixed nuts (no USDA mapping)
String Cheese & Crackers,meals.ts,1,0/2,0%,220.0,0.0,-100.0,14.0,0.0,-100.0,18.0,0.0,-100.0,10.0,0.0,-100.0,LOW_COVERAGE,100.0,String cheese (no USDA mapping); Whole wheat crackers (no USDA mapping)
Hard Boiled Eggs,meals.ts,1,3/3,100%,160.0,155.0,-3.1,12.0,12.6,5.0,2.0,1.1,-45.0,10.0,10.6,6.0,VARIANCE,45.0,
Hummus & Veggies,meals.ts,1,1/4,25%,200.0,25.0,-87.5,8.0,0.5,-93.1,22.0,5.9,-73.4,10.0,0.1,-98.8,LOW_COVERAGE,98.8,Hummus (no USDA mapping); Celery sticks (no USDA mapping); Bell pepper strips (0.5 pepper → can't convert to grams)
Beef Jerky,meals.ts,1,1/1,100%,120.0,70.9,-40.9,15.0,7.4,-50.9,5.0,0.0,-100.0,4.0,4.3,6.3,VARIANCE,100.0,
Rice Cake with Almond Butter,meals.ts,1,1/3,33%,200.0,107.5,-46.2,6.0,0.1,-97.8,25.0,0.0,-99.9,10.0,12.2,21.6,LOW_COVERAGE,99.9,Rice cake (1.0 cake → can't convert to grams); Banana (0.5 sliced → can't convert to grams)
Edamame,meals.ts,1,1/2,50%,190.0,0.0,-100.0,18.0,0.0,-100.0,14.0,0.0,-100.0,8.0,0.0,-100.0,LOW_COVERAGE,100.0,Frozen edamame (in shell) (no USDA mapping)
